Workbook

Sheet Casos de Teste
A1: ID | B1: CA | C1: Tipo | D1: Prioridade | E1: Título | F1: Pré-condições | G1: Passos | H1: Resultado esperado | I1: Resultado obtido | J1: Status | K1: Bug ID | L1: Evidência
A2: TM-001 | B2: CA01 | C2: Funcional | D2: Alta | E2: Aplicar BEMVINDO10 em compra abaixo de R$ 200,00 | F2: Carrinho com produtos somando subtotal de R$ 100,00 (ajuste produtos/quantidades conforme os preços do ambiente; máx. 5 un. por produto). | G2: 1. Abrir o carrinho. 2. Informar o cupom BEMVINDO10 no campo de cupom. 3. Clicar em Aplicar. | H2: Cupom aceito. Desconto R$ 10,00; frete R$ 19,90; total R$ 109,90. | J2: Não executado
A3: TM-002 | B3: CA01 | C3: Funcional | D3: Alta | E3: Aplicar BEMVINDO10 em compra acima de R$ 200,00 | F3: Carrinho com produtos somando subtotal de R$ 250,00 (ajuste produtos/quantidades conforme os preços do ambiente; máx. 5 un. por produto). | G3: 1. Abrir o carrinho. 2. Aplicar o cupom BEMVINDO10. | H3: Desconto R$ 25,00; frete grátis; total R$ 225,00. | J3: Não executado
A4: TM-003 | B4: CA01 | C4: Funcional | D4: Média | E4: Desconto calculado sobre o subtotal de vários produtos | F4: Carrinho com produtos somando subtotal de R$ 150,00 (ajuste produtos/quantidades conforme os preços do ambiente; máx. 5 un. por produto). Usar 2 produtos diferentes. | G4: 1. Abrir o carrinho. 2. Aplicar o cupom BEMVINDO10. | H4: Desconto de R$ 15,00 (10% da soma dos produtos). | J4: Não executado
A5: TM-004 | B5: CA01 | C5: Funcional | D5: Média | E5: Desconto recalculado ao alterar quantidade com cupom aplicado | F5: Carrinho com produtos somando subtotal de R$ 100,00 (ajuste produtos/quantidades conforme os preços do ambiente; máx. 5 un. por produto). Cupom BEMVINDO10 já aplicado. | G5: 1. Dobrar a quantidade dos produtos no carrinho (subtotal passa a R$ 200,00). 2. Verificar o resumo. | H5: Desconto atualizado para R$ 20,00; frete grátis; total R$ 180,00. | J5: Não executado
A6: TM-005 | B6: CA02 | C6: Funcional | D6: Alta | E6: Cupom em letras minúsculas | F6: Carrinho com subtotal de R$ 100,00. | G6: 1. Informar bemvindo10 (minúsculas). 2. Aplicar. | H6: Cupom aceito; desconto R$ 10,00. | J6: Não executado
A7: TM-006 | B7: CA02 | C7: Funcional | D7: Média | E7: Cupom em maiúsculas e minúsculas misturadas | F7: Carrinho com subtotal de R$ 100,00. | G7: 1. Informar BemVindo10 e aplicar. 2. Remover o cupom. 3. Repetir com bEmViNdO10. | H7: Cupom aceito nas duas tentativas; desconto R$ 10,00. | J7: Não executado
A8: TM-007 | B8: CA02 | C8: Funcional | D8: Alta | E8: Espaços no início e no fim são ignorados | F8: Carrinho com subtotal de R$ 100,00. | G8: 1. Informar " BEMVINDO10 " (com espaços antes e depois) e aplicar. 2. Remover o cupom. 3. Repetir só com espaço no início e depois só com espaço no fim. | H8: Cupom aceito em todas as variações; desconto R$ 10,00. | J8: Não executado
A9: TM-008 | B9: CA02 | C9: Funcional | D9: Média | E9: Espaços + minúsculas combinados | F9: Carrinho com subtotal de R$ 100,00. | G9: 1. Informar " bemvindo10 " e aplicar. | H9: Cupom aceito; desconto R$ 10,00. | J9: Não executado
A10: TM-009 | B10: CA02 | C10: Exploratório | D10: Média | E10: Espaço no meio do código não é ignorado | F10: Carrinho com subtotal de R$ 100,00. | G10: 1. Informar "BEM VINDO10" e aplicar. | H10: Mensagem "Cupom inválido."; nenhum desconto aplicado. | J10: Não executado
A11: TM-010 | B11: CA03 | C11: Negativo | D11: Alta | E11: Cupom inexistente | F11: Carrinho com subtotal de R$ 100,00. | G11: 1. Informar CUPOMFALSO e aplicar. | H11: Mensagem exata "Cupom inválido."; nenhum desconto; total R$ 119,90. | J11: Não executado
A12: TM-011 | B12: CA03 | C12: Exploratório | D12: Média | E12: Campo de cupom vazio | F12: Carrinho com subtotal de R$ 100,00. | G12: 1. Deixar o campo vazio. 2. Clicar em Aplicar. | H12: Comportamento não especificado: registrar. Esperado: sem desconto e sem erro inesperado (sem quebra de tela). | J12: Não executado
A13: TM-012 | B13: CA03 | C13: Exploratório | D13: Baixa | E13: Campo de cupom apenas com espaços | F13: Carrinho com subtotal de R$ 100,00. | G13: 1. Informar apenas espaços. 2. Clicar em Aplicar. | H13: Sem desconto; sem erro inesperado. Registrar a mensagem exibida. | J13: Não executado
... A53: TM-052 | B53: CA11 | C53: Exploratório | D53: Média | E53: Consistência entre interface e API | F53: Pedido com cupom aplicado. | G53: 1. Comparar desconto, frete e total exibidos na tela com os retornados pela API. | H53: Valores idênticos nos dois canais. | J53: Não executado

Sheet Resumo
A1: Resumo da execução manual — VZS-142
A3: Total de casos | B3: =COUNTA('Casos de Teste'!A2:A53) -> 52
A4: Passou | B4: =COUNTIF('Casos de Teste'!J2:J53,A4) -> 0
A5: Falhou | B5: =COUNTIF('Casos de Teste'!J2:J53,A5) -> 0
A6: Bloqueado | B6: =COUNTIF('Casos de Teste'!J2:J53,A6) -> 0
A7: Não executado | B7: =COUNTIF('Casos de Teste'!J2:J53,A7) -> 52
A8: % executado | B8: =IF(B3=0,0,(B3-B7)/B3) -> 0
A9: % de falha (sobre executados) | B9: =IF(B3-B7=0,0,B5/(B3-B7)) -> 0
A11: Por critério de aceite
A12: CA | B12: Total | C12: Passou | D12: Falhou | E12: Bloqueado | F12: Não executado
A13: CA01 | B13: =COUNTIF('Casos de Teste'!B2:B53,A13) -> 4 | C13: =COUNTIFS('Casos de Teste'!B2:B53,$A13,'Casos de Teste'!J2:J53,"Passou") -> 0 | D13: =COUNTIFS('Casos de Teste'!B2:B53,$A13,'Casos de Teste'!J2:J53,"Falhou") -> 0 | E13: =COUNTIFS('Casos de Teste'!B2:B53,$A13,'Casos de Teste'!J2:J53,"Bloqueado") -> 0 | F13: =COUNTIFS('Casos de Teste'!B2:B53,$A13,'Casos de Teste'!J2:J53,"Não executado") -> 4
A14: CA02 | B14: =COUNTIF('Casos de Teste'!B2:B53,A14) -> 5 | C14: =COUNTIFS('Casos de Teste'!B2:B53,$A14,'Casos de Teste'!J2:J53,"Passou") -> 0 | D14: =COUNTIFS('Casos de Teste'!B2:B53,$A14,'Casos de Teste'!J2:J53,"Falhou") -> 0 | E14: =COUNTIFS('Casos de Teste'!B2:B53,$A14,'Casos de Teste'!J2:J53,"Bloqueado") -> 0 | F14: =COUNTIFS('Casos de Teste'!B2:B53,$A14,'Casos de Teste'!J2:J53,"Não executado") -> 5
A15: CA03 | B15: =COUNTIF('Casos de Teste'!B2:B53,A15) -> 6 | C15: =COUNTIFS('Casos de Teste'!B2:B53,$A15,'Casos de Teste'!J2:J53,"Passou") -> 0 | D15: =COUNTIFS('Casos de Teste'!B2:B53,$A15,'Casos de Teste'!J2:J53,"Falhou") -> 0 | E15: =COUNTIFS('Casos de Teste'!B2:B53,$A15,'Casos de Teste'!J2:J53,"Bloqueado") -> 0 | F15: =COUNTIFS('Casos de Teste'!B2:B53,$A15,'Casos de Teste'!J2:J53,"Não executado") -> 6
A16: CA04 | B16: =COUNTIF('Casos de Teste'!B2:B53,A16) -> 3 | C16: =COUNTIFS('Casos de Teste'!B2:B53,$A16,'Casos de Teste'!J2:J53,"Passou") -> 0 | D16: =COUNTIFS('Casos de Teste'!B2:B53,$A16,'Casos de Teste'!J2:J53,"Falhou") -> 0 | E16: =COUNTIFS('Casos de Teste'!B2:B53,$A16,'Casos de Teste'!J2:J53,"Bloqueado") -> 0 | F16: =COUNTIFS('Casos de Teste'!B2:B53,$A16,'Casos de Teste'!J2:J53,"Não executado") -> 3
A17: CA05 | B17: =COUNTIF('Casos de Teste'!B2:B53,A17) -> 5 | C17: =COUNTIFS('Casos de Teste'!B2:B53,$A17,'Casos de Teste'!J2:J53,"Passou") -> 0 | D17: =COUNTIFS('Casos de Teste'!B2:B53,$A17,'Casos de Teste'!J2:J53,"Falhou") -> 0 | E17: =COUNTIFS('Casos de Teste'!B2:B53,$A17,'Casos de Teste'!J2:J53,"Bloqueado") -> 0 | F17: =COUNTIFS('Casos de Teste'!B2:B53,$A17,'Casos de Teste'!J2:J53,"Não executado") -> 5
A18: CA06 | B18: =COUNTIF('Casos de Teste'!B2:B53,A18) -> 4 | C18: =COUNTIFS('Casos de Teste'!B2:B53,$A18,'Casos de Teste'!J2:J53,"Passou") -> 0 | D18: =COUNTIFS('Casos de Teste'!B2:B53,$A18,'Casos de Teste'!J2:J53,"Falhou") -> 0 | E18: =COUNTIFS('Casos de Teste'!B2:B53,$A18,'Casos de Teste'!J2:J53,"Bloqueado") -> 0 | F18: =COUNTIFS('Casos de Teste'!B2:B53,$A18,'Casos de Teste'!J2:J53,"Não executado") -> 4
A19: CA07 | B19: =COUNTIF('Casos de Teste'!B2:B53,A19) -> 5 | C19: =COUNTIFS('Casos de Teste'!B2:B53,$A19,'Casos de Teste'!J2:J53,"Passou") -> 0 | D19: =COUNTIFS('Casos de Teste'!B2:B53,$A19,'Casos de Teste'!J2:J53,"Falhou") -> 0 | E19: =COUNTIFS('Casos de Teste'!B2:B53,$A19,'Casos de Teste'!J2:J53,"Bloqueado") -> 0 | F19: =COUNTIFS('Casos de Teste'!B2:B53,$A19,'Casos de Teste'!J2:J53,"Não executado") -> 5
A20: CA08 | B20: =COUNTIF('Casos de Teste'!B2:B53,A20) -> 3 | C20: =COUNTIFS('Casos de Teste'!B2:B53,$A20,'Casos de Teste'!J2:J53,"Passou") -> 0 | D20: =COUNTIFS('Casos de Teste'!B2:B53,$A20,'Casos de Teste'!J2:J53,"Falhou") -> 0 | E20: =COUNTIFS('Casos de Teste'!B2:B53,$A20,'Casos de Teste'!J2:J53,"Bloqueado") -> 0 | F20: =COUNTIFS('Casos de Teste'!B2:B53,$A20,'Casos de Teste'!J2:J53,"Não executado") -> 3
A21: CA09 | B21: =COUNTIF('Casos de Teste'!B2:B53,A21) -> 1 | C21: =COUNTIFS('Casos de Teste'!B2:B53,$A21,'Casos de Teste'!J2:J53,"Passou") -> 0 | D21: =COUNTIFS('Casos de Teste'!B2:B53,$A21,'Casos de Teste'!J2:J53,"Falhou") -> 0 | E21: =COUNTIFS('Casos de Teste'!B2:B53,$A21,'Casos de Teste'!J2:J53,"Bloqueado") -> 0 | F21: =COUNTIFS('Casos de Teste'!B2:B53,$A21,'Casos de Teste'!J2:J53,"Não executado") -> 1
A22: CA10 | B22: =COUNTIF('Casos de Teste'!B2:B53,A22) -> 9 | C22: =COUNTIFS('Casos de Teste'!B2:B53,$A22,'Casos de Teste'!J2:J53,"Passou") -> 0 | D22: =COUNTIFS('Casos de Teste'!B2:B53,$A22,'Casos de Teste'!J2:J53,"Falhou") -> 0 | E22: =COUNTIFS('Casos de Teste'!B2:B53,$A22,'Casos de Teste'!J2:J53,"Bloqueado") -> 0 | F22: =COUNTIFS('Casos de Teste'!B2:B53,$A22,'Casos de Teste'!J2:J53,"Não executado") -> 9
A23: CA11 | B23: =COUNTIF('Casos de Teste'!B2:B53,A23) -> 7 | C23: =COUNTIFS('Casos de Teste'!B2:B53,$A23,'Casos de Teste'!J2:J53,"Passou") -> 0 | D23: =COUNTIFS('Casos de Teste'!B2:B53,$A23,'Casos de Teste'!J2:J53,"Falhou") -> 0 | E23: =COUNTIFS('Casos de Teste'!B2:B53,$A23,'Casos de Teste'!J2:J53,"Bloqueado") -> 0 | F23: =COUNTIFS('Casos de Teste'!B2:B53,$A23,'Casos de Teste'!J2:J53,"Não executado") -> 7
A24: Total | B24: =SUM(B13:B23) -> 52 | C24: =SUM(C13:C23) -> 0 | D24: =SUM(D13:D23) -> 0 | E24: =SUM(E13:E23) -> 0 | F24: =SUM(F13:F23) -> 52

Sheet Legenda
A1: Legenda e instruções
A2: Como preencher | B2: Preencha apenas as colunas amarelas da aba Casos de Teste: Resultado obtido, Status, Bug ID e Evidência. A aba Resumo se atualiza sozinha.
A3: Status | B3: Não executado (padrão) · Passou · Falhou · Bloqueado (não foi possível executar).
A4: Exemplo de preenchimento | B4: Resultado obtido: "Desconto exibido R$ 9,00 (esperado R$ 10,00)" · Status: Falhou · Bug ID: BUG-001 · Evidência: evidencias/TM-001.png
A5: Tipos | B5: Funcional = fluxo esperado · Negativo = entrada inválida · Limite = valor-limite · Exploratório = comportamento não especificado nos CAs (registrar o que for observado).
A6: Premissas
A7: Cupom válido | B7: BEMVINDO10 (10% sobre o subtotal dos produtos), conforme CA01.
A8: Cupom expirado / 2º cupom | B8: Os códigos não estão nos critérios de aceite. Use os cupons existentes no ambiente e anote o código usado em Resultado obtido.
A9: Subtotais | B9: Os preços dependem do catálogo do ambiente. Combine produtos e quantidades até atingir o subtotal pedido (máx. 5 unidades por produto).
A10: Arredondamento | B10: Assumido half-up (0,005 sobe para 0,01). Confirmar na documentação.
A11: Total | B11: Assumido: subtotal − desconto + frete.
A12: Mensagens | B12: As únicas mensagens com texto definido são "Cupom inválido." e "Cupom expirado.". As demais (limite de 5 un., valor faltante) devem ser registradas como exibidas.
A13: API | B13: Endpoints e payloads conforme a documentação da v2.3.0.
